{"cameraMode":{"drawMode":0,"name":"Shaded","section":"Shading Mode"},"sceneLighting":false,"audioPlay":false,"sceneViewState":{"showFog":true,"showMaterialUpdate":false,"showSkybox":false,"showFlares":true,"showImageEffects":true,"showParticleSystems":true},"in2DMode":false,"pivot":{"x":0.628000020980835,"y":1.1169999837875367,"z":-0.0029999911785125734},"rotation":{"x":-0.10076265782117844,"y":0.6940082311630249,"z":-0.09883911907672882,"w":-0.706091582775116},"size":1.0463324785232545,"orthographic":true}