{"cameraMode":{"drawMode":0,"name":"Shaded","section":"Shading Mode"},"sceneLighting":false,"audioPlay":false,"sceneViewState":{"showFog":true,"showMaterialUpdate":false,"showSkybox":false,"showFlares":true,"showImageEffects":true,"showParticleSystems":true},"in2DMode":false,"pivot":{"x":-85.4474868774414,"y":8.81738567352295,"z":-52.40713882446289},"rotation":{"x":0.0076048849150538448,"y":0.8415800333023071,"z":0.012218387797474862,"w":-0.5400731563568115},"size":147.58969116210938,"orthographic":true}